[
{
  "model": "products.category",
  "pk": 1,
  "fields": {
    "name": "meat"
  }
},
{
  "model": "products.category",
  "pk": 2,
  "fields": {
    "name": "dairy&eggs"
  }
},
{
  "model": "products.category",
  "pk": 3,
  "fields": {
    "name": "fresh produce"
  }
},
{
  "model": "products.subcategory",
  "pk": 1,
  "fields": {
    "name": "beef",
    "category": 1
  }
},
{
  "model": "products.subcategory",
  "pk": 2,
  "fields": {
    "name": "lamb",
    "category": 1
  }
},
{
  "model": "products.subcategory",
  "pk": 3,
  "fields": {
    "name": "chicken",
    "category": 1
  }
},
{
  "model": "products.subcategory",
  "pk": 4,
  "fields": {
    "name": "fresh milk",
    "category": 2
  }
},
{
  "model": "products.subcategory",
  "pk": 5,
  "fields": {
    "name": "farmhouse cheeses",
    "category": 2
  }
},
{
  "model": "products.subcategory",
  "pk": 6,
  "fields": {
    "name": "butter",
    "category": 2
  }
},
{
  "model": "products.subcategory",
  "pk": 7,
  "fields": {
    "name": "eggs",
    "category": 2
  }
},
{
  "model": "products.subcategory",
  "pk": 8,
  "fields": {
    "name": "vegetables",
    "category": 3
  }
},
{
  "model": "products.subcategory",
  "pk": 9,
  "fields": {
    "name": "greens",
    "category": 3
  }
},
{
  "model": "products.subcategory",
  "pk": 10,
  "fields": {
    "name": "fruits",
    "category": 3
  }
},
{
  "model": "products.subcategory",
  "pk": 11,
  "fields": {
    "name": "berries",
    "category": 3
  }
},
{
  "model": "products.product",
  "pk": 1,
  "fields": {
    "category": 3,
    "subcategory": 10,
    "name": "Apples",
    "description": "Apples from Golden Hoof farm are the perfect balance of sweet and tart, grown with care and attention. Each apple is handpicked at its peak of ripeness, ensuring the finest quality for our customers. These apples are nurtured with the highest-quality soil and organic fertilizers, ensuring a crisp texture and full flavor in every bite. We pride ourselves on sustainable farming practices, using natural methods to grow our apples without harmful chemicals. Whether you're enjoying them fresh, baking them into a pie, or making a refreshing juice, Golden Hoof apples will bring a taste of nature's bounty to your table.",
    "price": "3.50",
    "image_url": null,
    "image": "apples.jpeg"
  }
},
{
  "model": "products.product",
  "pk": 2,
  "fields": {
    "category": 3,
    "subcategory": 11,
    "name": "Blackberry",
    "description": "At Golden Hoof, our blackberries are grown in the most fertile, nutrient-rich soil, ensuring the perfect balance of sweetness and tang. Each berry is carefully picked by hand to ensure it meets our high standards. We cultivate our blackberries with love and care, using sustainable farming methods and natural fertilizers to encourage growth. These blackberries are perfect for jams, pies, smoothies, or simply enjoying on their own. Full of vitamins, antioxidants, and fiber, Golden Hoof blackberries not only taste great but are also packed with health benefits.",
    "price": "4.00",
    "image_url": null,
    "image": "blackberry.jpeg"
  }
},
{
  "model": "products.product",
  "pk": 3,
  "fields": {
    "category": 2,
    "subcategory": 6,
    "name": "Butter 82%",
    "description": "Golden Hoof butter is crafted from the freshest cream, churned with care to create a rich, creamy spread that brings flavor to any meal. Our cows are pasture-raised and graze freely on lush, green grass, which imparts a unique, natural flavor to the butter. At Golden Hoof, we believe in sustainable farming practices, and we use only the best ingredients to create our butter. ItÆs perfect for spreading on bread, baking, or adding to your favorite dishes for that extra richness and flavor. We pride ourselves on offering a product made with love and care for the environment and animals.",
    "price": "12.00",
    "image_url": null,
    "image": "butter-1.jpeg"
  }
},
{
  "model": "products.product",
  "pk": 4,
  "fields": {
    "category": 3,
    "subcategory": 8,
    "name": "Cucumbers",
    "description": "Golden Hoof cucumbers are grown in rich, organic soil, ensuring they are crisp, refreshing, and full of flavor. We use only the finest natural fertilizers and sustainable farming practices to grow our cucumbers, ensuring they are as fresh as possible when they reach your table. These cucumbers are perfect for salads, sandwiches, or just as a refreshing snack. Their high water content makes them incredibly hydrating and ideal for hot days. At Golden Hoof, we nurture our crops with care, allowing them to grow to their full potential, ensuring you get the highest-quality produce.",
    "price": "2.00",
    "image_url": null,
    "image": "cucumbers.jpeg"
  }
},
{
  "model": "products.product",
  "pk": 5,
  "fields": {
    "category": 2,
    "subcategory": 5,
    "name": "Edam cheese",
    "description": "Golden Hoof Edam cheese is a semi-hard cheese made from the finest milk, offering a smooth texture and a mild, slightly nutty flavor. Our cows are raised on lush, green pastures, grazing on nutrient-rich grasses, which results in milk that makes this cheese so special. The cheese is carefully aged to perfection to achieve the best flavor. Golden Hoof Edam cheese is versatile, perfect for slicing, melting on sandwiches, or enjoying with crackers. We produce this cheese with dedication to quality and sustainability, ensuring every bite is full of flavor and love.",
    "price": "6.50",
    "image_url": null,
    "image": "edamer-cheese.jpeg"
  }
},
{
  "model": "products.product",
  "pk": 6,
  "fields": {
    "category": 2,
    "subcategory": 7,
    "name": "Chicken eggs",
    "description": "Our eggs come from free-range chickens that roam freely on Golden Hoof farm, where they are treated with care and respect. The hens are given access to fresh air, sunlight, and natural feed, producing eggs with deep yellow yolks and rich, wholesome flavor. Each egg is hand-collected daily to ensure the highest quality. At Golden Hoof, we pride ourselves on providing eggs that not only taste great but are also produced sustainably and humanely. They are perfect for breakfast, baking, or adding to any dish for an extra boost of protein and nutrition.",
    "price": "3.00",
    "image_url": null,
    "image": "eggs-chicken.jpeg"
  }
},
{
  "model": "products.product",
  "pk": 7,
  "fields": {
    "category": 2,
    "subcategory": 5,
    "name": "Gouda cheese",
    "description": "Golden Hoof Gouda cheese is a rich, creamy cheese that is carefully aged for the perfect texture and flavor. Made from milk produced by our happy, healthy cows that graze on lush, green pastures, this cheese has a mild yet flavorful taste that becomes sharper with age. At Golden Hoof, we focus on sustainable practices, using natural feed and promoting the well-being of our animals to produce the best possible milk for this exceptional cheese. Whether you're using it on sandwiches, in sauces, or simply enjoying it on its own, Golden Hoof Gouda is sure to impress.",
    "price": "8.00",
    "image_url": null,
    "image": "gauda_cheeses-1.jpeg"
  }
},
{
  "model": "products.product",
  "pk": 8,
  "fields": {
    "category": 1,
    "subcategory": 1,
    "name": "Ground Beef",
    "description": "At Golden Hoof, our ground beef is made from the highest quality cuts of beef, sourced from our pasture-raised cows. These cows are fed a natural diet of grass and grains, producing beef that is tender, flavorful, and full of nutrients. Our beef is carefully ground to ensure the perfect texture for burgers, meatballs, or any dish that calls for ground meat. We believe in sustainable farming and ethical treatment of animals, ensuring that our products not only taste great but are produced with respect for the environment.",
    "price": "7.50",
    "image_url": null,
    "image": "ground-beef-1.jpeg"
  }
},
{
  "model": "products.product",
  "pk": 9,
  "fields": {
    "category": 2,
    "subcategory": 4,
    "name": "Milk 2.5%",
    "description": "Golden Hoof milk comes from our healthy, pasture-raised cows that graze on lush, green grass. The cows are given access to fresh air, clean water, and high-quality feed, which results in milk that is rich in nutrients and full of flavor. Our milk is processed with care to ensure it retains all of its natural goodness. Whether you're drinking it on its own, adding it to your coffee, or using it for baking, Golden Hoof milk will bring a fresh, creamy touch to your meals. We pride ourselves on offering a high-quality, sustainable product.",
    "price": "1.30",
    "image_url": null,
    "image": "milk-1.jpeg"
  }
},
{
  "model": "products.product",
  "pk": 10,
  "fields": {
    "category": 3,
    "subcategory": 9,
    "name": "Parsley",
    "description": "Golden Hoof parsley is grown with love and care, nurtured in nutrient-rich soil and watered with natural, organic fertilizers. This vibrant green herb is packed with vitamins, antioxidants, and fiber, making it the perfect addition to any dish. ItÆs ideal for garnishing salads, soups, and stews, or for adding a fresh, herbal flavor to sauces and dressings. At Golden Hoof, we use sustainable farming methods to grow our parsley, ensuring you get a product that is both healthy and environmentally friendly.",
    "price": "6.00",
    "image_url": null,
    "image": "parsley.jpeg"
  }
},
{
  "model": "products.product",
  "pk": 11,
  "fields": {
    "category": 3,
    "subcategory": 10,
    "name": "Pear",
    "description": "Golden Hoof pears are grown with care and attention, harvested at the perfect moment to ensure they are sweet, juicy, and full of flavor. These pears are nurtured in nutrient-rich soil, with natural fertilizers and sustainable farming practices. Whether eaten fresh, poached, or baked into a delicious dessert, Golden Hoof pears are the perfect addition to any meal. They are packed with fiber, vitamins, and minerals, making them a healthy and tasty choice for your diet.",
    "price": "3.00",
    "image_url": null,
    "image": "pears.jpeg"
  }
},
{
  "model": "products.product",
  "pk": 12,
  "fields": {
    "category": 3,
    "subcategory": 8,
    "name": "Bell pepper",
    "description": "Golden Hoof bell peppers are grown in fertile soil with a focus on sustainability. These peppers are rich in vitamins and antioxidants, offering a sweet and crunchy flavor that enhances any dish. They are perfect for salads, stir-fries, or grilling, and their bright colors make them a beautiful addition to any meal. We use natural fertilizers and environmentally friendly farming practices to grow our peppers, ensuring they are as healthy for you as they are for the environment.",
    "price": "2.50",
    "image_url": null,
    "image": "peppers.jpeg"
  }
},
{
  "model": "products.product",
  "pk": 13,
  "fields": {
    "category": 2,
    "subcategory": 7,
    "name": "Quail eggs",
    "description": "Quail eggs from Golden Hoof are a delicacy, known for their rich, creamy texture and unique, subtle flavor. Raised on the same natural, high-quality feed as our other animals, these eggs are packed with protein and essential nutrients. They are perfect for gourmet dishes, appetizers, or simply enjoyed on their own. At Golden Hoof, we take pride in producing quail eggs that are not only delicious but also ethically sourced and produced with respect for the environment.",
    "price": "5.00",
    "image_url": null,
    "image": "quail-eggs-1.jpeg"
  }
},
{
  "model": "products.product",
  "pk": 14,
  "fields": {
    "category": 3,
    "subcategory": 11,
    "name": "Raspberry",
    "description": "Golden Hoof raspberries are grown with love in our fertile, organic soil. These delicate berries are handpicked at the peak of ripeness, ensuring they are bursting with flavor. Packed with antioxidants and vitamins, they are perfect for smoothies, jams, or enjoying fresh. Our raspberries are cultivated using sustainable farming practices, with minimal environmental impact, so you can enjoy them guilt-free. At Golden Hoof, we believe in creating the finest quality produce with care and attention to detail.",
    "price": "5.00",
    "image_url": null,
    "image": "raspberry.jpeg"
  }
},
{
  "model": "products.product",
  "pk": 15,
  "fields": {
    "category": 1,
    "subcategory": 1,
    "name": "Beef",
    "description": "Golden Hoof raw beef is sourced from our pasture-raised cows, ensuring it is naturally marbled and full of flavor. The cows are given the best possible environment to thrive, with access to lush pastures and clean water. Our beef is carefully processed to maintain its tenderness, allowing for a rich and juicy eating experience. This high-quality beef is perfect for grilling, stewing, or slow-roasting, offering a melt-in-your-mouth experience. At Golden Hoof, we focus on sustainability and humane treatment of animals, ensuring the beef we provide is top-tier and ethically sourced.",
    "price": "8.00",
    "image_url": null,
    "image": "raw-beef-1.jpeg"
  }
},
{
  "model": "products.product",
  "pk": 16,
  "fields": {
    "category": 1,
    "subcategory": 3,
    "name": "Chicken Fillet",
    "description": "Golden Hoof chicken fillets come from free-range chickens raised with care and attention. They are fed a healthy, natural diet, resulting in tender, juicy fillets that are perfect for grilling, frying, or baking. Our chickens are allowed to roam freely, ensuring they live healthy, stress-free lives. This humane approach to farming results in a higher quality of meat, packed with flavor. Golden Hoof fillets are ideal for your family meals, offering a healthy, lean protein that you can trust.",
    "price": "8.00",
    "image_url": null,
    "image": "raw-chicken-fillet.jpeg"
  }
},
{
  "model": "products.product",
  "pk": 17,
  "fields": {
    "category": 1,
    "subcategory": 3,
    "name": "Chicken Legs",
    "description": "Golden Hoof chicken legs are hand-selected from our free-range chickens, ensuring the best possible flavor and tenderness. Raised on natural feed and given ample space to roam, our chickens produce rich, flavorful meat that is perfect for roasting, grilling, or slow-cooking. These legs are packed with protein and ideal for hearty, delicious meals. We pride ourselves on our sustainable and ethical farming practices, ensuring our chickens are treated with care and respect.",
    "price": "5.00",
    "image_url": null,
    "image": "raw-chicken-legs.jpeg"
  }
},
{
  "model": "products.product",
  "pk": 18,
  "fields": {
    "category": 1,
    "subcategory": 3,
    "name": "Chicken Wings",
    "description": "At Golden Hoof, our raw chicken wings are sourced from free-range chickens that are raised with love and care. The chickens are given access to fresh air, natural feed, and space to roam, which results in tender, flavorful wings. These wings are perfect for grilling, baking, or frying, offering a satisfying and tasty snack or meal. We focus on sustainable farming practices to ensure that each chicken wing is produced with minimal environmental impact while providing the best possible quality.",
    "price": "5.00",
    "image_url": null,
    "image": "raw-chicken-wings.jpeg"
  }
},
{
  "model": "products.product",
  "pk": 19,
  "fields": {
    "category": 1,
    "subcategory": 2,
    "name": "Lamb",
    "description": "Golden Hoof lamb is pasture-raised, allowing our sheep to graze on the lush grass that nature intended. The result is meat that is tender, juicy, and packed with flavor. Our lamb is carefully butchered and processed to preserve its rich, natural taste. Whether youÆre roasting a leg of lamb, making a stew, or preparing a traditional rack of lamb, Golden Hoof raw lamb will make your dish stand out. We are committed to sustainable and humane farming practices, ensuring that our lamb is produced with care for the animals and the environment.",
    "price": "10.00",
    "image_url": null,
    "image": "raw-lamb-1.jpeg"
  }
},
{
  "model": "products.product",
  "pk": 20,
  "fields": {
    "category": 1,
    "subcategory": 2,
    "name": "Lamb Ribs",
    "description": "Golden Hoof lamb ribs are a true delicacy. Sourced from pasture-raised sheep, these ribs are full of flavor and tenderness, offering a melt-in-your-mouth experience with every bite. Our lambs are given a natural diet, and the meat is processed to preserve its juiciness and tenderness. These ribs are perfect for grilling or slow-cooking, making them ideal for your next family gathering or special occasion. At Golden Hoof, we believe in sustainable farming, producing high-quality lamb that is ethically raised.",
    "price": "12.00",
    "image_url": null,
    "image": "raw-lamb-ribs-1.jpeg"
  }
},
{
  "model": "products.product",
  "pk": 21,
  "fields": {
    "category": 1,
    "subcategory": 1,
    "name": "Sausages (Beef)",
    "description": "Golden Hoof beef sausages are made with premium-quality beef, sourced from our pasture-raised cows. These sausages are packed with flavor and made with natural spices and ingredients to ensure a rich, authentic taste. Perfect for grilling or pan-frying, these sausages are a great addition to any meal. We take pride in using sustainable practices to raise our cattle, ensuring that our sausages are both delicious and ethically produced. Golden Hoof beef sausages are perfect for family barbecues or cozy dinners.",
    "price": "8.50",
    "image_url": null,
    "image": "sausages-beef-1.jpeg"
  }
},
{
  "model": "products.product",
  "pk": 22,
  "fields": {
    "category": 3,
    "subcategory": 9,
    "name": "Spinach",
    "description": "Golden Hoof spinach is grown in the nutrient-rich soil of our farm, ensuring that each leaf is packed with vitamins, minerals, and flavor. We use organic fertilizers and sustainable farming methods to grow our spinach, making it as healthy for you as it is for the environment. Spinach is perfect for salads, smoothies, or adding to your favorite dishes for a nutritional boost. At Golden Hoof, we believe in growing our produce with care and respect for the land, ensuring the highest-quality spinach.",
    "price": "3.00",
    "image_url": null,
    "image": "spinach.jpeg"
  }
},
{
  "model": "products.product",
  "pk": 23,
  "fields": {
    "category": 3,
    "subcategory": 11,
    "name": "Strawberry",
    "description": "Golden Hoof strawberries are handpicked at the peak of ripeness, ensuring they are bursting with sweetness and flavor. Our strawberries are grown using sustainable, organic methods, ensuring they are not only delicious but also environmentally friendly. These berries are perfect for desserts, jams, smoothies, or simply enjoying fresh. Full of antioxidants and vitamins, Golden Hoof strawberries are a healthy and delightful treat for you and your family.",
    "price": "5.50",
    "image_url": null,
    "image": "strawberry.jpeg"
  }
},
{
  "model": "products.product",
  "pk": 24,
  "fields": {
    "category": 3,
    "subcategory": 8,
    "name": "Tomatoes",
    "description": "Golden Hoof tomatoes are grown in fertile, organic soil, nurtured by natural fertilizers and plenty of sunshine. These tomatoes are full of flavor, with a perfect balance of sweetness and acidity. Whether youÆre using them in a salad, making pasta sauce, or enjoying them fresh, Golden Hoof tomatoes will add a burst of flavor to any dish. Our commitment to sustainable farming means that every tomato is grown with love, care, and respect for the environment.",
    "price": "4.00",
    "image_url": null,
    "image": "tomatoes.jpeg"
  }
},
{
  "model": "products.rating",
  "pk": 9,
  "fields": {
    "user": 2,
    "product": 16,
    "rating": 3,
    "created_at": "2025-02-28T12:27:46.917Z"
  }
},
{
  "model": "products.rating",
  "pk": 10,
  "fields": {
    "user": 2,
    "product": 2,
    "rating": 4,
    "created_at": "2025-02-28T12:46:55.236Z"
  }
},
{
  "model": "products.rating",
  "pk": 11,
  "fields": {
    "user": 2,
    "product": 13,
    "rating": 3,
    "created_at": "2025-02-28T12:50:04.380Z"
  }
},
{
  "model": "products.rating",
  "pk": 12,
  "fields": {
    "user": 2,
    "product": 7,
    "rating": 5,
    "created_at": "2025-02-28T13:20:34.057Z"
  }
},
{
  "model": "products.rating",
  "pk": 13,
  "fields": {
    "user": 2,
    "product": 3,
    "rating": 2,
    "created_at": "2025-02-28T13:23:26.075Z"
  }
},
{
  "model": "products.rating",
  "pk": 14,
  "fields": {
    "user": 2,
    "product": 1,
    "rating": 4,
    "created_at": "2025-02-28T13:28:47.598Z"
  }
}
]
